{"cameraMode":{"drawMode":0,"name":"Shaded","section":"Shading Mode"},"sceneLighting":true,"audioPlay":false,"sceneViewState":{"showFog":true,"showMaterialUpdate":false,"showSkybox":true,"showFlares":true,"showImageEffects":true,"showParticleSystems":true},"in2DMode":false,"pivot":{"x":-65.61576843261719,"y":-7.0076751708984379,"z":288.4843444824219},"rotation":{"x":0.015790514647960664,"y":-0.11671477556228638,"z":0.0018555903807282448,"w":0.9930382370948792},"size":295.4552307128906,"orthographic":false}